<?xml version="1.0" encoding="windows-1252"?>
<!--  This file conforms to the DTD xdc/bld/build.dtd -->
<package name="xconfig_blink_cpu01" version="" producerId="undefined">
    <units>
    </units>
    <sources>
        <srcFile name="package/cfg/blink_cpu01_p28FP.c"/>
    </sources>
    <configscripts>
        <srcFile name="C:/Dan/F28377/AddSYSBIOStoCexamples/blink/cpu01/ccs/blink_cpu01.cfg"/>
    </configscripts>
    <makefiles>
        <srcFile name="package.mak" src="package.bld"/>
        <srcFile name="package/package.xdc.dep" src="package.xdc"/>
        <srcFile name="package/cfg/blink_cpu01_p28FP.mak" src="package.bld"/>
        <srcFile name="package/cfg/blink_cpu01_p28FP.o28FP.dep" src="package/cfg/blink_cpu01_p28FP.c"/>
        <srcFile name="package/cfg/blink_cpu01_p28FP.dep" src="package/cfg/blink_cpu01_p28FP.cfg"/>
        <srcFile name="package/cfg/blink_cpu01.x28FP.mak" src="package.bld"/>
        <srcFile name="package/rel/xconfig_blink_cpu01.tar.dep" src="package/rel/xconfig_blink_cpu01.xdc.inc"/>
    </makefiles>
    <targets>
        <target name="ti.targets.C28_float"
            version="ti.targets.C28_float{1,0,6.2,4"
            rawVersion="6.2.4"
            platform="ti.platforms.sim28xx"
            isa="28FP"
            suffix="28FP"
            rootDir="C:/CCStudio_v5.5/ccsv5/tools/compiler/c2000_6.2.4"
            os="undefined"
            rts="ti.targets.rts2800">
            <model endian="little"
                codeModel="undefined"
                dataModel="large"/>
        </target>
    </targets>
    <libraries>
    </libraries>
    <configurations>
    <configuration name="blink_cpu01"
        pname="blink_cpu01.p28FP"
        target="ti.targets.C28_float"
        platform="ti.platforms.tms320x28:F28377D"
        profile="release"
        isPartial="false"
        xCfgScript="package/cfg/blink_cpu01_p28FP.cfg"
        xCfgPrefix="package/cfg/blink_cpu01_p28FP"
        cfgScript="C:/Dan/F28377/AddSYSBIOStoCexamples/blink/cpu01/ccs/blink_cpu01.cfg"
        cfgArgs="null"
        />
    </configurations>
    <executables>
    <executable name="blink_cpu01"
        pname="blink_cpu01.x28FP"
        target="ti.targets.C28_float"
        platform="ti.platforms.tms320x28:F28377D"
        profile="release"
        xCfgScript="package/cfg/blink_cpu01_p28FP.cfg"
        xCfgPrefix="package/cfg/blink_cpu01_p28FP"
        cfgScript="C:/Dan/F28377/AddSYSBIOStoCexamples/blink/cpu01/ccs/blink_cpu01.cfg"
        cfgArgs="null"
        />
    </executables>
    <tests>
    <test exeName="blink_cpu01.x28FP"
        args=""
        groupName="blink_cpu01.x28FP"
        refOutput="undefined"
        refExitCode="0"
        execArgs=""
        />
    </tests>
    <releases relDir="package/rel/">
    <release name="xconfig_blink_cpu01"
        pname="xconfig_blink_cpu01.tar"
        label="default"
    >
        <file name="package/package.bld.xml"/>
        <file name="package/build.cfg"/>
        <file name="package/package.xdc.inc"/>
    </release>
    </releases>
    <repositories>
    </repositories>
</package>
